{"predicted_ids": [[57, 57, 57, 57, 57, 30, 30, 41, 22, 57, 57, 57, 17, 17, 10, 10, 22, 22, 57, 1, 10, 10, 20, 57, 27, 27, 41, 19, 38, 38, 15, 15, 19, 57, 57, 57, 57, 57, 57, 57, 57, 57, 57, 57, 57, 57, 57, 57, 57, 57, 57, 57, 57, 57, 57, 57, 57, 8], [57, 57, 57, 57, 57, 30, 30, 41, 22, 57, 57, 57, 57, 17, 10, 10, 22, 22, 57, 1, 10, 10, 20, 57, 27, 27, 41, 19, 38, 38, 15, 15, 19, 57, 57, 57, 57, 57, 57, 57, 57, 57, 57, 57, 57, 57, 57, 57, 57, 57, 57, 57, 57, 57, 57, 57, 57, 8], [57, 57, 57, 57, 57, 30, 41, 41, 22, 57, 57, 57, 17, 17, 10, 10, 22, 22, 57, 1, 10, 10, 20, 57, 27, 27, 41, 19, 38, 38, 15, 15, 19, 57, 57, 57, 57, 57, 57, 57, 57, 57, 57, 57, 57, 57, 57, 57, 57, 57, 57, 57, 57, 57, 57, 57, 57, 8], [57, 57, 57, 57, 57, 30, 30, 41, 22, 22, 57, 57, 17, 17, 10, 10, 22, 22, 57, 1, 10, 10, 20, 57, 27, 27, 41, 19, 38, 38, 15, 15, 19, 57, 57, 57, 57, 57, 57, 57, 57, 57, 57, 57, 57, 57, 57, 57, 57, 57, 57, 57, 57, 57, 57, 57, 57, 8], [57, 57, 57, 57, 57, 30, 30, 41, 22, 57, 57, 57, 17, 17, 10, 10, 22, 57, 57, 1, 10, 10, 20, 57, 27, 27, 41, 19, 38, 38, 15, 15, 19, 57, 57, 57, 57, 57, 57, 57, 57, 57, 57, 57, 57, 57, 57, 57, 57, 57, 57, 57, 57, 57, 57, 57, 57, 8], [57, 57, 57, 57, 57, 30, 41, 41, 22, 57, 57, 57, 57, 17, 10, 10, 22, 22, 57, 1, 10, 10, 20, 57, 27, 27, 41, 19, 38, 38, 15, 15, 19, 57, 57, 57, 57, 57, 57, 57, 57, 57, 57, 57, 57, 57, 57, 57, 57, 57, 57, 57, 57, 57, 57, 57, 57, 8], [57, 57, 57, 57, 57, 30, 30, 41, 22, 57, 57, 57, 17, 17, 10, 10, 22, 22, 57, 1, 10, 10, 20, 57, 57, 27, 41, 19, 38, 38, 15, 15, 19, 57, 57, 57, 57, 57, 57, 57, 57, 57, 57, 57, 57, 57, 57, 57, 57, 57, 57, 57, 57, 57, 57, 57, 57, 8], [57, 57, 57, 57, 57, 30, 30, 41, 22, 57, 57, 57, 17, 17, 10, 10, 22, 22, 57, 1, 1, 10, 20, 57, 27, 27, 41, 19, 38, 38, 15, 15, 19, 57, 57, 57, 57, 57, 57, 57, 57, 57, 57, 57, 57, 57, 57, 57, 57, 57, 57, 57, 57, 57, 57, 57, 57, 8], [57, 57, 57, 57, 57, 30, 30, 41, 22, 22, 57, 57, 57, 17, 10, 10, 22, 22, 57, 1, 10, 10, 20, 57, 27, 27, 41, 19, 38, 38, 15, 15, 19, 57, 57, 57, 57, 57, 57, 57, 57, 57, 57, 57, 57, 57, 57, 57, 57, 57, 57, 57, 57, 57, 57, 57, 57, 8], [57, 57, 57, 57, 57, 30, 30, 41, 22, 57, 57, 57, 17, 17, 10, 10, 22, 22, 57, 1, 10, 10, 20, 57, 27, 27, 41, 19, 57, 38, 15, 15, 19, 57, 57, 57, 57, 57, 57, 57, 57, 57, 57, 57, 57, 57, 57, 57, 57, 57, 57, 57, 57, 57, 57, 57, 57, 8]], "scores": [[14.866291046142578, 15.143279075622559, 15.223326683044434, 15.202414512634277, 12.533690452575684, 15.24846076965332, 12.391877174377441, 15.080890655517578, 15.839957237243652, 11.823867797851562, 15.189079284667969, 15.082159996032715, 10.168172836303711, 14.671395301818848, 14.092973709106445, 15.253767013549805, 15.908758163452148, 12.54228401184082, 14.341057777404785, 16.429851531982422, 13.630011558532715, 16.42198944091797, 16.341882705688477, 12.139813423156738, 11.966059684753418, 14.992106437683105, 16.30652618408203, 15.568081855773926, 12.278972625732422, 14.428579330444336, 15.12636947631836, 14.18106460571289, 15.667637825012207, 13.943798065185547, 15.240966796875, 15.324131965637207, 15.418828010559082, 15.567317962646484, 15.567239761352539, 15.502129554748535, 15.44598388671875, 15.677024841308594, 15.578279495239258, 15.530972480773926, 15.448922157287598, 15.628483772277832, 15.397420883178711, 15.350704193115234, 15.543891906738281, 15.62817668914795, 15.560830116271973, 15.301698684692383, 15.323914527893066, 15.249879837036133, 15.172663688659668, 15.71439266204834, 15.332528114318848, 14.144192695617676], [14.866291046142578, 15.143279075622559, 15.223326683044434, 15.202414512634277, 12.533690452575684, 15.24846076965332, 12.391877174377441, 15.080890655517578, 15.839957237243652, 11.823867797851562, 15.189079284667969, 15.082159996032715, 8.944219589233398, 14.671395301818848, 14.092973709106445, 15.253767013549805, 15.908758163452148, 12.54228401184082, 14.341057777404785, 16.429851531982422, 13.630011558532715, 16.42198944091797, 16.341882705688477, 12.139813423156738, 11.966059684753418, 14.992106437683105, 16.30652618408203, 15.568081855773926, 12.278972625732422, 14.428579330444336, 15.12636947631836, 14.18106460571289, 15.667637825012207, 13.943798065185547, 15.240966796875, 15.324131965637207, 15.418828010559082, 15.567317962646484, 15.567239761352539, 15.502129554748535, 15.44598388671875, 15.677024841308594, 15.578279495239258, 15.530972480773926, 15.448922157287598, 15.628483772277832, 15.397420883178711, 15.350704193115234, 15.543891906738281, 15.62817668914795, 15.560830116271973, 15.301698684692383, 15.323914527893066, 15.249879837036133, 15.172663688659668, 15.71439266204834, 15.332528114318848, 14.144192695617676], [14.866291046142578, 15.143279075622559, 15.223326683044434, 15.202414512634277, 12.533690452575684, 15.24846076965332, 10.366227149963379, 15.080890655517578, 15.839957237243652, 11.823867797851562, 15.189079284667969, 15.082159996032715, 10.168172836303711, 14.671395301818848, 14.092973709106445, 15.253767013549805, 15.908758163452148, 12.54228401184082, 14.341057777404785, 16.429851531982422, 13.630011558532715, 16.42198944091797, 16.341882705688477, 12.139813423156738, 11.966059684753418, 14.992106437683105, 16.30652618408203, 15.568081855773926, 12.278972625732422, 14.428579330444336, 15.12636947631836, 14.18106460571289, 15.667637825012207, 13.943798065185547, 15.240966796875, 15.324131965637207, 15.418828010559082, 15.567317962646484, 15.567239761352539, 15.502129554748535, 15.44598388671875, 15.677024841308594, 15.578279495239258, 15.530972480773926, 15.448922157287598, 15.628483772277832, 15.397420883178711, 15.350704193115234, 15.543891906738281, 15.62817668914795, 15.560830116271973, 15.301698684692383, 15.323914527893066, 15.249879837036133, 15.172663688659668, 15.71439266204834, 15.332528114318848, 14.144192695617676], [14.866291046142578, 15.143279075622559, 15.223326683044434, 15.202414512634277, 12.533690452575684, 15.24846076965332, 12.391877174377441, 15.080890655517578, 15.839957237243652, 8.96388053894043, 15.189079284667969, 15.082159996032715, 10.168172836303711, 14.671395301818848, 14.092973709106445, 15.253767013549805, 15.908758163452148, 12.54228401184082, 14.341057777404785, 16.429851531982422, 13.630011558532715, 16.42198944091797, 16.341882705688477, 12.139813423156738, 11.966059684753418, 14.992106437683105, 16.30652618408203, 15.568081855773926, 12.278972625732422, 14.428579330444336, 15.12636947631836, 14.18106460571289, 15.667637825012207, 13.943798065185547, 15.240966796875, 15.324131965637207, 15.418828010559082, 15.567317962646484, 15.567239761352539, 15.502129554748535, 15.44598388671875, 15.677024841308594, 15.578279495239258, 15.530972480773926, 15.448922157287598, 15.628483772277832, 15.397420883178711, 15.350704193115234, 15.543891906738281, 15.62817668914795, 15.560830116271973, 15.301698684692383, 15.323914527893066, 15.249879837036133, 15.172663688659668, 15.71439266204834, 15.332528114318848, 14.144192695617676], [14.866291046142578, 15.143279075622559, 15.223326683044434, 15.202414512634277, 12.533690452575684, 15.24846076965332, 12.391877174377441, 15.080890655517578, 15.839957237243652, 11.823867797851562, 15.189079284667969, 15.082159996032715, 10.168172836303711, 14.671395301818848, 14.092973709106445, 15.253767013549805, 15.908758163452148, 9.30288028717041, 14.341057777404785, 16.429851531982422, 13.630011558532715, 16.42198944091797, 16.341882705688477, 12.139813423156738, 11.966059684753418, 14.992106437683105, 16.30652618408203, 15.568081855773926, 12.278972625732422, 14.428579330444336, 15.12636947631836, 14.18106460571289, 15.667637825012207, 13.943798065185547, 15.240966796875, 15.324131965637207, 15.418828010559082, 15.567317962646484, 15.567239761352539, 15.502129554748535, 15.44598388671875, 15.677024841308594, 15.578279495239258, 15.530972480773926, 15.448922157287598, 15.628483772277832, 15.397420883178711, 15.350704193115234, 15.543891906738281, 15.62817668914795, 15.560830116271973, 15.301698684692383, 15.323914527893066, 