{"predicted_ids": [[51, 51, 51, 51, 51, 51, 51, 51, 0, 51, 51, 51, 51, 43, 43, 43, 43, 51, 51, 51, 51, 51, 51, 32, 51, 26, 51, 51, 51, 51, 51, 51, 51, 51, 51, 51, 51, 51, 51, 51, 51, 51, 51, 51, 51, 51, 51, 51, 51, 51, 51, 51, 51], [51, 51, 51, 51, 51, 51, 51, 51, 0, 51, 51, 51, 51, 43, 43, 43, 43, 51, 51, 51, 51, 51, 51, 32, 51, 26, 51, 51, 51, 51, 51, 38, 51, 51, 51, 51, 51, 51, 51, 51, 51, 51, 51, 51, 51, 51, 51, 51, 51, 51, 51, 51, 51], [51, 51, 51, 51, 51, 51, 51, 51, 0, 51, 51, 51, 51, 43, 43, 43, 51, 51, 51, 51, 51, 51, 51, 32, 51, 26, 51, 51, 51, 51, 51, 51, 51, 51, 51, 51, 51, 51, 51, 51, 51, 51, 51, 51, 51, 51, 51, 51, 51, 51, 51, 51, 51], [51, 51, 51, 51, 51, 51, 51, 51, 0, 51, 51, 51, 51, 43, 43, 43, 43, 51, 51, 51, 51, 51, 51, 32, 26, 26, 51, 51, 51, 51, 51, 51, 51, 51, 51, 51, 51, 51, 51, 51, 51, 51, 51, 51, 51, 51, 51, 51, 51, 51, 51, 51, 51], [51, 51, 51, 51, 51, 51, 51, 51, 0, 51, 51, 51, 51, 43, 43, 43, 51, 51, 51, 51, 51, 51, 51, 32, 51, 26, 51, 51, 51, 51, 51, 38, 51, 51, 51, 51, 51, 51, 51, 51, 51, 51, 51, 51, 51, 51, 51, 51, 51, 51, 51, 51, 51], [51, 51, 51, 51, 51, 51, 51, 51, 0, 51, 51, 51, 51, 51, 43, 43, 43, 51, 51, 51, 51, 51, 51, 32, 51, 26, 51, 51, 51, 51, 51, 51, 51, 51, 51, 51, 51, 51, 51, 51, 51, 51, 51, 51, 51, 51, 51, 51, 51, 51, 51, 51, 51], [51, 51, 51, 51, 51, 51, 51, 51, 0, 51, 51, 51, 51, 43, 43, 43, 43, 51, 51, 51, 51, 51, 51, 32, 26, 26, 51, 51, 51, 51, 51, 38, 51, 51, 51, 51, 51, 51, 51, 51, 51, 51, 51, 51, 51, 51, 51, 51, 51, 51, 51, 51, 51], [51, 51, 51, 51, 51, 51, 51, 51, 0, 51, 51, 51, 51, 43, 43, 43, 51, 51, 51, 51, 51, 51, 51, 32, 26, 26, 51, 51, 51, 51, 51, 51, 51, 51, 51, 51, 51, 51, 51, 51, 51, 51, 51, 51, 51, 51, 51, 51, 51, 51, 51, 51, 51], [51, 51, 51, 51, 51, 51, 51, 51, 0, 51, 51, 51, 51, 51, 43, 43, 43, 51, 51, 51, 51, 51, 51, 32, 51, 26, 51, 51, 51, 51, 51, 38, 51, 51, 51, 51, 51, 51, 51, 51, 51, 51, 51, 51, 51, 51, 51, 51, 51, 51, 51, 51, 51], [51, 51, 51, 51, 51, 51, 51, 51, 0, 51, 51, 51, 51, 51, 43, 43, 51, 51, 51, 51, 51, 51, 51, 32, 51, 26, 51, 51, 51, 51, 51, 51, 51, 51, 51, 51, 51, 51, 51, 51, 51, 51, 51, 51, 51, 51, 51, 51, 51, 51, 51, 51, 51]], "scores": [[15.256749153137207, 15.475306510925293, 15.44841194152832, 15.325390815734863, 15.293167114257812, 15.299617767333984, 14.785813331604004, 14.865458488464355, 15.832341194152832, 14.514238357543945, 16.167217254638672, 16.487499237060547, 16.618690490722656, 12.718033790588379, 15.771553039550781, 16.137075424194336, 12.396212577819824, 16.183006286621094, 16.81146812438965, 16.896591186523438, 16.838430404663086, 16.596738815307617, 15.852799415588379, 15.178827285766602, 11.1764554977417, 15.108588218688965, 15.030821800231934, 15.505104064941406, 15.80469036102295, 15.995162010192871, 15.770088195800781, 11.378406524658203, 13.23599910736084, 12.34160327911377, 12.1085786819458, 11.909762382507324, 12.218381881713867, 12.43813705444336, 12.986786842346191, 13.515074729919434, 13.719096183776855, 13.786432266235352, 14.338370323181152, 14.442312240600586, 14.71461009979248, 14.673788070678711, 14.883354187011719, 14.75525188446045, 14.148447036743164, 14.237401962280273, 14.126928329467773, 14.247878074645996, 14.590991020202637], [15.256749153137207, 15.475306510925293, 15.44841194152832, 15.325390815734863, 15.293167114257812, 15.299617767333984, 14.785813331604004, 14.865458488464355, 15.832341194152832, 14.514238357543945, 16.167217254638672, 16.487499237060547, 16.618690490722656, 12.718033790588379, 15.771553039550781, 16.137075424194336, 12.396212577819824, 16.183006286621094, 16.81146812438965, 16.896591186523438, 16.838430404663086, 16.596738815307617, 15.852799415588379, 15.178827285766602, 11.1764554977417, 15.108588218688965, 15.030821800231934, 15.505104064941406, 15.80469036102295, 15.995162010192871, 15.770088195800781, 10.514492988586426, 13.23599910736084, 12.34160327911377, 12.1085786819458, 11.909762382507324, 12.218381881713867, 12.43813705444336, 12.986786842346191, 13.515074729919434, 13.719096183776855, 13.786432266235352, 14.338370323181152, 14.442312240600586, 14.71461009979248, 14.673788070678711, 14.883354187011719, 14.75525188446045, 14.148447036743164, 14.237401962280273, 14.126928329467773, 14.247878074645996, 14.590991020202637], [15.256749153137207, 15.475306510925293, 15.44841194152832, 15.325390815734863, 15.293167114257812, 15.299617767333984, 14.785813331604004, 14.865458488464355, 15.832341194152832, 14.514238357543945, 16.167217254638672, 16.487499237060547, 16.618690490722656, 12.718033790588379, 15.771553039550781, 16.137075424194336, 11.292112350463867, 16.183006286621094, 16.81146812438965, 16.896591186523438, 16.838430404663086, 16.596738815307617, 15.852799415588379, 15.178827285766602, 11.1764554977417, 15.108588218688965, 15.030821800231934, 15.505104064941406, 15.80469036102295, 15.995162010192871, 15.770088195800781, 11.378406524658203, 13.23599910736084, 12.34160327911377, 12.1085786819458, 11.909762382507324, 12.218381881713867, 12.43813705444336, 12.986786842346191, 13.515074729919434, 13.719096183776855, 13.786432266235352, 14.338370323181152, 14.442312240600586, 14.71461009979248, 14.673788070678711, 14.883354187011719, 14.75525188446045, 14.148447036743164, 14.237401962280273, 14.126928329467773, 14.247878074645996, 14.590991020202637], [15.256749153137207, 15.475306510925293, 15.44841194152832, 15.325390815734863, 15.293167114257812, 15.299617767333984, 14.785813331604004, 14.865458488464355, 15.832341194152832, 14.514238357543945, 16.167217254638672, 16.487499237060547, 16.618690490722656, 12.718033790588379, 15.771553039550781, 16.137075424194336, 12.396212577819824, 16.183006286621094, 16.81146812438965, 16.896591186523438, 16.838430404663086, 16.596738815307617, 15.852799415588379, 15.178827285766602, 9.669841766357422, 15.108588218688965, 15.030821800231934, 15.505104064941406, 15.80469036102295, 15.995162010192871, 15.770088195800781, 11.378406524658203, 13.23599910736084, 12.34160327911377, 12.1085786819458, 11.909762382507324, 12.218381881713867, 12.43813705444336, 12.986786842346191, 13.515074729919434, 13.719096183776855, 13.786432266235352, 14.338370323181152, 14.442312240600586, 14.71461009979248, 14.673788070678711, 14.883354187011719, 14.75525188446045, 14.148447036743164, 14.237401962280273, 14.126928329467773, 14.247878074645996, 14.590991020202637], [15.256749153137207, 15.475306510925293, 15.44841194152832, 15.325390815734863, 15.293167114257812, 15.299617767333984, 14.785813331604004, 14.865458488464355, 15.832341194152832, 14.514238357543945, 16.167217254638672, 16.487499237060547, 16.618690490722656, 12.718033790588379, 15.771553039550781, 16.137075424194336, 11.292112350463867, 16.183006286621094, 16.81146812438965, 16.896591186523438, 16.838430404663086, 16.596738815307617, 15.852799415588379, 15.178827285766602, 11.1764554977417, 15.108588218688965, 15.030821800231934, 15.505104064941406, 15.80469036102295, 15.995162010192871, 15.770088195800781, 10.514492988586426, 13.23599910736084, 12.34160327911377, 12.1085786819458, 11.909762382507324, 12.218381881713867, 12.43813705444336, 12.986786842346191, 13.515074729919434, 13.719096183776855, 13.786432266235352, 14.338370323181152, 14.442312240600586, 14.71461009979248, 14.673788070678711, 14.883354187011719, 14.75525188446045, 14.148447036743164, 14.237401962280273, 14.126928329467773, 14.247878074645996, 14.590991020202637], [15.256749153137207, 15.475306510925293, 15.44841194152832, 15.325390815734863, 15.293167114257812, 15.299617767333984, 14.785813331604004, 14.865458488464355, 15.832341194152832, 14.514238357543945, 16.167217254638672, 16.487499237060547, 16.618690490722656, 10.41226863861084, 15.771553039550781, 16.137075424194336, 12.396212577819824, 16.183006286621094, 16.81146812438965, 16.896591186523438, 16.838430404663086, 16.596738815307617, 15.852799415588379, 15.178827285766602, 11.1764554977417, 15.108588218688965, 15.030821800231934, 15.505104064941406, 15.80469036102295, 